nameOfPlace,lat,lng,avg_rate_of_place,avg_hours_of_place,avg_ages_of_place,count_of_post_added_to_place
Diemerpark,52.35223653,4.98796463,0,0,0,0
Polygoongracht,52.356452,4.997056,0,0,0,0
Jachthaven ijburg,52.35317363,5.004712343,0,0,0,0
Tuin Van Vrienden,52.356383,4.996973,0,0,0,0
Speeltuin Talbotstraat,52.35724938,4.995745883,0,0,0,0
Theo van Goghpark,52.35017877,5.00538826,0,0,0,0
Marc's Place,52.355045,4.996358,0,0,0,0
Bert Haanstra Kade,52.359315,4.996258,0,0,0,0
Rondje IJburg,52.35569224,4.994743436,0,0,0,0
Sem Presserhof Speeltuin,52.35357119,4.999613207,0,0,0,0
IJpark,52.351168,5.00542,0,0,0,0
Haven IJburg,52.35316103,5.0056609,0,0,0,0
Amsterdam Dance Centre IJburg,52.353834,5.006561,0,0,0,0
Brug jachthaven IJburg,52.353991,5.000551,0,0,0,0
Sluis Jachthaven IJburg,52.35442,5.00605,0,0,0,0
Joris Ivensplein,52.35931,4.990564,0,0,0,0
AFC IJburg,52.356817,4.979538175,0,0,0,0
Magic Circus op IJburg,52.359027,4.990614,0,0,0,0
Nijlpaard sluis,52.35748824,4.989673759,0,0,0,0
De 100m Rode Bank,52.36067705,4.990336928,0,0,0,0
Pornoboot,52.35440326,4.989983607,0,0,0,0
Strand Ijburg,52.35021105,5.000214974,0,0,0,0
Diemerstrandje,52.35443836,4.986848831,0,0,0,0
Surfschool ijburg,52.35316559,5.008525318,0,0,0,0
Stormbaan,52.35019528,5.005837027,0,0,0,0
Amsterdamse golf club,52.39948353,4.745906934,0,0,0,0
AGC,52.3994185,4.745913989,0,0,0,0
Ruigoord Kerk,52.40508148,4.7558783,0,0,0,0
M1,52.40318451,4.759457302,0,0,0,0
United Stevedores Amsterdam,52.41980891,4.76855785,0,0,0,0
Amerikahaven,52.4254557,4.771093693,0,0,0,0
Tuss'n de Koei'n,52.413517,4.768342,0,0,0,0
Heining 21,52.396119,4.767001,0,0,0,0
Kompleks,52.396281,4.768845,0,0,0,0
Martin Gaus Hondenschool,52.3975763,4.770681174,0,0,0,0
Hondenschool Martin Gaus,52.38851441,4.769033515,0,0,0,0
Aristos Hal Amsterdam,52.38387264,4.762370066,0,0,0,0
De Grote Braak,52.38801239,4.774148931,0,0,0,0
Uitzichtpunt picknicktafel lange bretten,52.38558597,4.778170842,0,0,0,0
Alex's Hill,52.3851608,4.77725029,0,0,0,0
De Kwekerij,52.37890753,4.761494134,0,0,0,0
Huisje Tuinpark Osdorp,52.377646,4.774752,0,0,0,0
Kooter hooveniers,52.3750836,4.7703173,0,0,0,0
Tuinpark Osdorp,52.377583,4.775198,0,0,0,0
our tuinhuisje,52.37592316,4.775551796,0,0,0,0
Volkstuin de Eendracht,52.37349616,4.779276762,0,0,0,0
De Boterbloem,52.36029,4.766698,0,0,0,0
Konijnenopvang Amsterdam,52.37020701,4.777861931,0,0,0,0
Pocahondas,52.3580273,4.765764128,0,0,0,0
Playreal,52.37014,4.777237,0,0,0,0
Jachthaven De hooglanden,52.353161,4.771116,0,0,0,0
Westgaarde Begraafplaats,52.35965577,4.778675016,0,0,0,0
Pius Floris Boomverzorging,52.35558271,4.760894179,0,0,0,0
Nysa's uitlaatplek,52.355773,4.777689481,0,0,0,0
Jachthaven Osdorp,52.353182,4.771054,0,0,0,0
The Real PlayStation,52.351522,4.769957,0,0,0,0
klussie,52.35116959,4.773172855,0,0,0,0
Hockey,52.354702,4.778158639,0,0,0,0
Speeltuin Seifertplein,52.353761,4.77832,0,0,0,0
De Osdorperbinnenpolder Noord,52.38417047,4.782602414,0,0,0,0
Shoeless Open Air,52.3832835,4.780956647,0,0,0,0
S.C. Eendracht'82,52.37935848,4.78389001,0,0,0,0
Amsterdam Panthers,52.37932621,4.787111901,0,0,0,0
S.V. Eendracht,52.37938525,4.784793891,0,0,0,0
Buitenverblijf De Boois,52.37758413,4.7758381,0,0,0,0
De Tuinen Van West,52.381651,4.787168,0,0,0,0
BeeVee Strand,52.38245313,4.790909919,0,0,0,0
Voetbalclub Nieuw-West,52.38006482,4.784312751,0,0,0,0
P & T,52.380405,4.786109,0,0,0,0
Young Turks,52.380481,4.786214,0,0,0,0
Tuinhuisje Van Pauline En Jeroen,52.37823665,4.784680009,0,0,0,0
P&t,52.38041472,4.786165,0,0,0,0
Nederlandse Rugby BondRugby,52.37876668,4.786520382,0,0,0,0
Het nieuwe Bijenpark,52.374982,4.784981,0,0,0,0
Tigeno Tuincomplex,52.37396751,4.785153817,0,0,0,0
Oerol,52.37881,4.78634,0,0,0,0
Bok De Korver Rugby Stadion,52.37863514,4.786447372,0,0,0,0
Bierbrouwerij De 7 Deugden,52.36828437,4.782870587,0,0,0,0
Galatasaray Football Academy Amsterdam,52.36729432,4.786627331,0,0,0,0
The Royal,52.36121994,4.785724431,0,0,0,0
Huis van jody en karen,52.35507854,4.780439688,0,0,0,0
Biljartcentrum Osdorp,52.35669414,4.784864457,0,0,0,0
Sbk,52.360317,4.783522,0,0,0,0
Sport En Judocentrum Osdorp,52.3600998,4.785002898,0,0,0,0
Bankie,52.356455,4.785089,0,0,0,0
De Kroon,52.360603,4.785933,0,0,0,0
Loetje In De Aker,52.352697,4.782196,0,0,0,0
Biljartcentrum Osdorp,52.36181585,4.786046019,0,0,0,0
Bed Time,52.356352,4.785076,0,0,0,0
Verel's Poolbar,52.35029774,4.780677084,0,0,0,0
Manege Het Molenpaardje,52.362754,4.787343,0,0,0,0
Passy's Castle,52.350449,4.781894,0,0,0,0
Forza Roma Club Couch,52.3469,4.783665,0,0,0,0
Dog Meeting Point De Oude Molen,52.34699146,4.783481823,0,0,0,0
Sweet  Home Osdorp,52.348782,4.780959,0,0,0,0
@gizems hause NL:)),52.348637,4.780913,0,0,0,0
Aya's Speeltuin,52.348526,4.784286,0,0,0,0
Lelijk Kunstwerk,52.34634,4.78479,0,0,0,0
secmusem,52.34645081,4.78448391,0,0,0,0
Amerikahaven,52.410641,4.791328,0,0,0,0
Heineken HoReCa City,52.39693882,4.787163582,0,0,0,0
Sportpark De Eendracht,52.37967763,4.787373613,0,0,0,0
speeltuin geuzenveld,52.38009022,4.789219458,0,0,0,0
Bahce,52.375073,4.787404,0,0,0,0
Tigeno Tuin 214,52.375743,4.787428,0,0,0,0
thuinnen compleks,52.37836075,4.795332432,0,0,0,0
Molen De 1100 Roe,52.36754223,4.79429841,0,0,0,0
Windmolen Eendrachtspark,52.36726,4.79338,0,0,0,0
Future Cafe,52.362382,4.791225,0,0,0,0
Wesleys Place,52.356743,4.789208,0,0,0,0
Dierweide Osdorp,52.358988,4.790719,0,0,0,0
Lovely Balkon In De Zon,52.359515,4.790886,0,0,0,0
NickieNonstop's Studio,52.355248,4.792073,0,0,0,0
Pie,52.355431,4.79239,0,0,0,0
NickieNonstop's Studio,52.35537542,4.792839289,0,0,0,0
Sander Bras's!,52.351927,4.789151,0,0,0,0
De Serre,52.35104425,4.794716968,0,0,0,0
Osdorp Palace Garden,52.347418,4.794713367,0,0,0,0
Voetbalveldje Louis Visserplein,52.35309782,4.794661849,0,0,0,0
meer en vaart park,52.35448736,4.79433876,0,0,0,0
Foucault @ Gezelligheid,52.420722,4.801435,0,0,0,0
Amerikahaven,52.41054558,4.800621251,0,0,0,0
Amsterdam Westhaven,52.40603649,4.801387373,0,0,0,0
BP Amsterdam terminal,52.402838,4.795136,0,0,0,0
Sluispolder,52.40661864,4.80151826,0,0,0,0
Bleekemolen Raceplanet,52.39638231,4.795702096,0,0,0,0
Pieterpostsingel,52.383462,4.797634,0,0,0,0
N200 richting Halfweg,52.38437553,4.803255167,0,0,0,0
Prettenpad,52.38583831,4.803600029,0,0,0,0
Het Land Der Blinden,52.37915421,4.798762798,0,0,0,0
Logeerkamer,52.37927246,4.79873991,0,0,0,0
vieze frank's,52.38218689,4.800715446,0,0,0,0
GolfClub Ookmeer,52.3717594,4.797298981,0,0,0,0
Tennispark Osdorp,52.36948782,4.795800447,0,0,0,0
Devonello,52.367854,4.795785,0,0,0,0
AGB,52.37203055,4.798221536,0,0,0,0
Devo58,52.367839,4.795899,0,0,0,0
V en V voetballlllll,52.369618,4.798885,0,0,0,0
C.V.V. Vlug en Vaardig,52.36954098,4.798735,0,0,0,0
Amsterdam Pirates,52.36669399,4.799354088,0,0,0,0
Dcg,52.36606991,4.798145432,0,0,0,0
Nederlandse WingTsun Organisatie,52.36357118,4.800567023,0,0,0,0
Ookmeerweg,52.36414745,4.795917645,0,0,0,0
Tulip Inn Amsterdam City West,52.362382,4.794656,0,0,0,0
Mokum H.A.W.K.S.,52.36697884,4.799362421,0,0,0,0
Sportpark Ookmeer,52.3705053,4.798480687,0,0,0,0
De poort van Constant,52.368421,4.800177,0,0,0,0
De poort van Constant,52.368322,4.800767,0,0,0,0
Amsterdam Genclerbirligi,52.3717959,4.798704565,0,0,0,0
Keuter HQ,52.362082,4.798856,0,0,0,0
Balcontrole.nl,52.36645331,4.803671489,0,0,0,0
schooltuin osdorp,52.3656817,4.804658902,0,0,0,0
Brug Hoekenespad (Stadspark Osdorp),52.35513943,4.797597653,0,0,0,0
Bar Jorritsma,52.354641,4.798157,0,0,0,0
Hoofd Ingang (Stadspark Osdorp),52.3572639,4.796983967,0,0,0,0
summer,52.35836435,4.800775931,0,0,0,0
Ferrari Fire Force : HQ,52.35838,4.801122,0,0,0,0
Jan Van Zutphenplantsoen,52.34932298,4.799648908,0,0,0,0
Dog Park,52.34885147,4.796415348,0,0,0,0
Picknick Spot Don & Josien,52.34982404,4.800022874,0,0,0,0
Jan Smitstraat,52.35126133,4.799922638,0,0,0,0
Westhaven,52.41527529,4.80947658,0,0,0,0
Amsterdam Chapter,52.404465,4.802147325,0,0,0,0
OUST.je,52.38386154,4.807281017,0,0,0,0
kippies,52.38136292,4.803888321,0,0,0,0
Crazy Horse's PingPongBall Shooting Strippers,52.3817998,4.806701733,0,0,0,0
Poedelbadje Eendrachtspark,52.382713,4.80943,0,0,0,0
Hollanda fenerbahceliler dernegi,52.37800521,4.806875681,0,0,0,0
Vuurtoren Bergen,52.37854771,4.808507186,0,0,0,0
Timotheus Speeltuin,52.3778642,4.807880508,0,0,0,0
Bounz,52.37152,4.803088,0,0,0,0
ISH Gebouw,52.371591,4.802918,0,0,0,0
ROHDA Amsterdam,52.3701381,4.802585681,0,0,0,0
Griffioen outdoor,52.371835,4.804195,0,0,0,0
Rozentuintje,52.375437,4.807749,0,0,0,0
Time Out Sportcafe,52.36786226,4.805122462,0,0,0,0
Manege Geuzeneiland,52.37283527,4.806210837,0,0,0,0
Talentenhuis,52.36137992,4.805978495,0,0,0,0
Soos dbsv,52.36761,4.805615,0,0,0,0
Sloterpark,52.36214063,4.809547987,0,0,0,0
Sportcentrum Caland,52.3543051,4.807204509,0,0,0,0
Food Night,52.35931,4.808311,0,0,0,0
Onze Lieve Buren,52.346317,4.802834,0,0,0,0
Natuurpark de Vrije Geer,52.34217785,4.802243271,0,0,0,0
Velodrome Sloten,52.34021627,4.8072052,0,0,0,0
Sv Nieuw-Sloten,52.33598332,4.804913413,0,0,0,0
Quick 1913,52.33676109,4.80502585,0,0,0,0
Wielerbaan Sloten,52.33993016,4.807869754,0,0,0,0
Amsterdam Crusaders,52.33971809,4.802269936,0,0,0,0
Peilscheidingskade,52.34340389,4.805401846,0,0,0,0
DSG - Handbalvereniging - Sportpark Sloten,52.33754174,4.803600311,0,0,0,0
Golfbaan Sloten,52.33932853,4.806550741,0,0,0,0
Turnace Hall of Gymnastics,52.3400549,4.8090918,0,0,0,0
WVA amsterdam,52.33746109,4.80440916,0,0,0,0
Robic Wielerlab,52.339841,4.808852,0,0,0,0
De Bretten,52.38636989,4.816201878,0,0,0,0
The Sands,52.38870723,4.81752035,0,0,0,0
Kastanjelaan,52.3871959,4.81691058,0,0,0,0
Gentlemens Club de Natte Kikker,52.38165953,4.80635,0,0,0,0
Molen De 1200 Roe,52.38424402,4.815112352,0,0,0,0
Home Sweeter Home,52.37783752,4.809345101,0,0,0,0
Donovan 20th B-Day Bash,52.375682,4.804273,0,0,0,0
Sloterparkbad,52.37046543,4.817394561,0,0,0,0
Zwemschool De Natte Kikker,52.3705291,4.817170228,0,0,0,0
Zwemschool De Druppel,52.370721,4.817949,0,0,0,0
Heemtuin Sloterpark,52.37092637,4.81287301,0,0,0,0
zwemschool de oceaan,52.37033177,4.817495308,0,0,0,0
Mystic Garden,52.366088,4.811583442,0,0,0,0
Strand Sloterplas,52.36898997,4.81790185,0,0,0,0
Disc Golf Sloterpark,52.36878846,4.816413477,0,0,0,0
Sloterpark,52.36012314,4.819314535,0,0,0,0
Watersportcentrum Sloterplas,52.36000798,4.815702438,0,0,0,0
WV Sloterplas,52.35880893,4.81439352,0,0,0,0
Coffeeshop Sensemillia,52.35307425,4.813397831,0,0,0,0
Haven Sloterplas Osdorp,52.35695534,4.81415783,0,0,0,0
The Bootcamp Club,52.359773,4.815889,0,0,0,0
Natuurcentrum Wiedijk,52.3550616,4.816587588,0,0,0,0
dogsquare amsterdam sloterpark,52.36446908,4.812450631,0,0,0,0
Sloten Terug In De Kas,52.35230018,4.815417492,0,0,0,0
Evim;),52.34806763,4.815723514,0,0,0,0
Ã‡apulcu Palace,52.34801814,4.815404213,0,0,0,0
Kika kermis,52.34099,4.807215,0,0,0,0
Amsterdam Holland,52.33709957,4.811034272,0,0,0,0
Vlindermolen,52.34157969,4.811496735,0,0,0,0
Amsterdam dungeon shop,52.33827079,4.816409151,0,0,0,0
Aquarius Strand,52.33469976,4.814540682,0,0,0,0
Oeverlanden Strandje,52.3342974,4.813768453,0,0,0,0
PricewaterhouseCoopers - Westgate II,52.33833598,4.817028095,0,0,0,0
E.W. Driessen,52.32917625,4.81467247,0,0,0,0
Noordzeekanaal,52.41938062,4.826773604,0,0,0,0
Boot 10,52.42090607,4.822570324,0,0,0,0
New Circle,52.416378,4.826716,0,0,0,0
Meat Lovers Delight,52.40888325,4.82843845,0,0,0,0
Nustar Steiger 4,52.404951,4.822998,0,0,0,0
Westpoort,52.39167751,4.821439522,0,0,0,0
Hollanda fenerbahceliler dernegi,52.39169085,4.825782842,0,0,0,0
The Sand,52.39044,4.825087,0,0,0,0
Aaf,52.38462522,4.818588418,0,0,0,0
AFC DWS,52.386498,4.821957,0,0,0,0
The Sand (Club) Indoor Beachsports & Events complex in Amsterdam,52.390412,4.825063,0,0,0,0
Amsterdam,52.3805913,4.820667535,0,0,0,0
cleansefortex,52.391,4.8195,0,0,0,0
Basebal,52.38448689,4.818914688,0,0,0,0
Roodbaards Verzamelhok,52.38629095,4.818602589,0,0,0,0
One-way Exit,52.388574,4.8230555,0,0,0,0
The Stand,52.39067847,4.824242449,0,0,0,0
BRAMSKI.COM,52.38416395,4.8201023,0,0,0,0
Rokersruimte TheSand,52.390369,4.825056,0,0,0,0
Op Visite Bij Damientje,52.382711,4.818512,0,0,0,0
Mies Magic Mansion,52.38153,4.818382,0,0,0,0
De Buurtslager,52.3816824,4.8215988,0,0,0,0
Carillonconcerten,52.3810857,4.8235043,0,0,0,0
Plein '40-'45,52.38031474,4.822394619,0,0,0,0
Bar Content,52.3753661,4.820225829,0,0,0,0
Parkje,52.37901937,4.81711204,0,0,0,0
Bar Blue Square Hotel,52.3786755,4.82056655,0,0,0,0
Mabi's Balcony,52.38045752,4.82527256,0,0,0,0
Rondje Sloterplas 6 km,52.37047018,4.820290246,0,0,0,0
Sloterplas,52.37135472,4.824886322,0,0,0,0
Scouting Sloterplas,52.37238332,4.821278289,0,0,0,0
Zeilschool De Duikelaar,52.37263858,4.822654724,0,0,0,0
The Color Run,52.36932938,4.816719893,0,0,0,0
"Studio V14 (Yolanda, Emmelie, Simone, Yinske)",52.36047815,4.82345516,0,0,0,0
Karl's Chill Out Spot for warm days,52.367389,4.825332,0,0,0,0
Sloterpark heuvel,52.36455069,4.81321061,0,0,0,0
Plesmanlaan,52.35142158,4.819277575,0,0,0,0
Amore,52.36307483,4.826774322,0,0,0,0
De Oase,52.342606,4.820354,0,0,0,0
Manege De Ruif,52.341614,4.821963,0,0,0,0
Dogrun nieuw-sloten,52.34237937,4.814071655,0,0,0,0
De Oeverlanden,52.33890355,4.829621176,0,0,0,0
Siegerpark,52.34263857,4.820287061,0,0,0,0
Halfpipe Nieuw Sloten,52.34119797,4.811536789,0,0,0,0
Nieuwemeer,52.32972606,4.816652774,0,0,0,0
Juul uitlaten bij de Nieuwe Meer,52.33567534,4.825155566,0,0,0,0
Tuinpark Eigen Hof,52.3405578,4.799355514,0,0,0,0
Karel Reiniershaven,52.41458995,4.831630869,0,0,0,0
H7,52.390674,4.830725,0,0,0,0
Rhone Warehouse,52.39066922,4.831106432,0,0,0,0
AMHC Westerpark,52.38643959,4.827846227,0,0,0,0
Partycentrum Rhone,52.39045205,4.831144293,0,0,0,0
Warner Bros,52.3878906,4.8306471,0,0,0,0
Warner Bros. screening room,52.38774732,4.830261469,0,0,0,0
De Bretten - Voetbal Velden,52.38635302,4.832900763,0,0,0,0
George Garage,52.39052669,4.827833392,0,0,0,0
amsterdam panthers,52.38584217,4.827632854,0,0,0,0
Xtradio,52.38972092,4.829888344,0,0,0,0
A93,52.39031408,4.830869293,0,0,0,0
Spieringhorn Amsterdam,52.3860246,4.830365835,0,0,0,0
Thai Event,52.39023972,4.831371784,0,0,0,0
Salsa Congress,52.390578,4.831385,0,0,0,0
GLOW Party,52.38063431,4.825137615,0,0,0,0
GOLEB,52.3801974,4.827161212,0,0,0,0
Shisha palace,52.3802,4.83203,0,0,0,0
Gerbrandypark,52.37705063,4.834102423,0,0,0,0
Arcade Casino,52.38058,4.8348,0,0,0,0
Buurtcamping Slotermeer,52.38230919,4.836094684,0,0,0,0
Gebrandypark,52.37828954,4.834636094,0,0,0,0
Slotervaart Tennis Vereniging,52.37179701,4.833621,0,0,0,0
Sloterplas Festival Oostoever,52.370608,4.829606,0,0,0,0
Cafe Sloterplas,52.3734,4.82685,0,0,0,0
Floor 6 Crew,52.37229952,4.835537881,0,0,0,0
Ontdekhoek,52.37338045,4.831943986,0,0,0,0
Club 133,52.36420799,4.830861151,0,0,0,0
Het Siertje,52.355795,4.826581478,0,0,0,0
Vier Bankjes Aan De Sloterplas Zuidwest,52.356478,4.827623,0,0,0,0
Leox,52.35779594,4.834006856,0,0,0,0
Cafe de Rooseboom,52.35348226,4.832635462,0,0,0,0
Stadswild HQ,52.342849,4.828754,0,0,0,0
RTVNH,52.346234,4.83077702,0,0,0,0
Staalmanpark,52.34700339,4.830290269,0,0,0,0
Big Black Hot Box 40 Gr Celsius,52.35341416,4.833773633,0,0,0,0
Nieuwe Meer,52.3311432,4.829692841,0,0,0,0
Amsterdam Windsurfing,52.33377744,4.830739707,0,0,0,0
Jan van Riebeeck Haven,52.41757129,4.837368949,0,0,0,0
Freshmen Media Cocktailcorner,52.39413902,4.837004544,0,0,0,0
Westrandweg Run,52.39527167,4.834798072,0,0,0,0
Wildkamperen,52.39697424,4.838921233,0,0,0,0
lazy sundays,52.3940562,4.83737266,0,0,0,0
Filmset Hart Tegen Hard,52.39197922,4.833932877,0,0,0,0
Srs,52.39064,4.827879,0,0,0,0
Krant Cafe TMG,52.39205155,4.833472973,0,0,0,0
In Het Fietsenhok,52.3960691,4.84015066,0,0,0,0
De Trap Af RE,52.393191,4.837566,0,0,0,0
Cheap 'n Chic,52.390501,4.83119,0,0,0,0
MTTM Bar,52.39010933,4.83035,0,0,0,0
Ballorig bijlmer arena,52.3897625,4.8307879,0,0,0,0
Into The Moesson,52.39196688,4.837609986,0,0,0,0
Energetica,52.39093662,4.83769549,0,0,0,0
Bed @ MEININGER Hotel Amsterdam,52.390679,4.838066,0,0,0,0
De Amsterdamsche Tram,52.38851768,4.839747183,0,0,0,0
Karaoke 3,52.38523938,4.839820862,0,0,0,0
Voetbalveldje Sloterdijk,52.38829747,4.840457355,0,0,0,0
Mountain Network Amsterdam,52.37512759,4.84205246,0,0,0,0
Mike's Pot,52.38409864,4.837883033,0,0,0,0
Erasmusgracht,52.37579092,4.838369677,0,0,0,0
Timo's Playground,52.3763538,4.838416111,0,0,0,0
Scala,52.37739949,4.839245332,0,0,0,0
Peter's WordFeud Hoekje,52.384046,4.838061,0,0,0,0
Kolenkit ijsbaantje,52.37727258,4.840871723,0,0,0,0
Sporthal Laan van Spartaan,52.37264206,4.840572716,0,0,0,0
Wild FM,52.36994,4.836519,0,0,0,0
Kleine Nachtwacht,52.363383,4.836514,0,0,0,0
Dihoo's Farm,52.368161,4.843577,0,0,0,0
Edelwise Festival,52.36591937,4.846347035,0,0,0,0
kinderboerderij Uylenburg,52.36748099,4.845077991,0,0,0,0
Health Club Open Air Rembrandpark,52.36806338,4.844173654,0,0,0,0
Kinderboerderij Rembrandtpark,52.367573,4.844715,0,0,0,0
Universal screeningroom,52.35530661,4.839708209,0,0,0,0
Koningin Wilhelminapark,52.35382238,4.838018417,0,0,0,0
Sport 1,52.35552614,4.838711379,0,0,0,0
Schilderatelier Hans Verwoerd,52.353455,4.840656,0,0,0,0
Jan Tooropstraat,52.36184825,4.836387538,0,0,0,0
Monique's Peespaleis,52.35389295,4.836344883,0,0,0,0
Zondagmiddag bij Vlla,52.3635608,4.835095533,0,0,0,0
Cinema di Noche Woche,52.36131996,4.843205888,0,0,0,0
Office Robert,52.353234,4.841107,0,0,0,0
Ghettocrib Steyn,52.3490448,4.837065697,0,0,0,0
health city,52.35436134,4.842080961,0,0,0,0
"Tuinpark ""Ons Buiten""",52.33660842,4.838111468,0,0,0,0
Alda Events,52.34219,4.843164,0,0,0,0
Eyeworks,52.340708,4.842949,0,0,0,0
AT5 Redactie,52.34614715,4.830572304,0,0,0,0
Fjuze,52.3427781,4.841962048,0,0,0,0
basketballen tijdens nachtdienst,52.34738642,4.841448661,0,0,0,0
KNVB West I,52.34340943,4.83828858,0,0,0,0
De Staalman (kunstwerk beer),52.34889732,4.83292222,0,0,0,0
Nargilehut,52.3459201,4.838782904,0,0,0,0
Schinkelsluisje,52.34360986,4.841011754,0,0,0,0
Moestuintje,52.34801141,4.839796787,0,0,0,0
KX Radio,52.34043547,4.842864726,0,0,0,0
Ravelina am See,52.33508805,4.82164672,0,0,0,0
Allure @ Riekerplas,52.33256591,4.832067728,0,0,0,0
"P.D.C. ""De Volharding""",52.340838,4.832244,0,0,0,0
"Heineken, Apple Pie and Tabs Bar",52.337497,4.839399,0,0,0,0
Sara's Place,52.328227,4.835746,0,0,0,0
atelier pipa,52.342652,4.820393,0,0,0,0
Jachthaven Helmsman,52.32822461,4.816388678,0,0,0,0
Disco classic party,52.33716555,4.842381469,0,0,0,0
Jachthaven Driessen,52.328168,4.81653,0,0,0,0
TMZ 2.0,52.34601401,4.826060236,0,0,0,0
Dogsquare,52.342601,4.811766,0,0,0,0
EffeEkdom,52.34234375,4.811790024,0,0,0,0
Sneeuw,52.39871831,4.847301318,0,0,0,0
twellingae,52.39168143,4.845471661,0,0,0,0
Dog Run Adam,52.39026348,4.843102174,0,0,0,0
Actimel NK Doordeplassenfietsen,52.38955959,4.838609154,0,0,0,0
Chartist CoffeStop,52.38802131,4.837636224,0,0,0,0
Hondenschool Serius,52.38565515,4.8329923,0,0,0,0
Zone Festival,52.385643,4.832129,0,0,0,0
Spaarndammerdijkie ðŸ’™,52.388104,4.84679,0,0,0,0
Baseball Amsterdam,52.3849309,4.847781953,0,0,0,0
420 In Amsterdam,52.38534504,4.846993179,0,0,0,0
Avv Sloterdijk,52.38406037,4.842536014,0,0,0,0
Lebensgefahr T3chno,52.387021,4.843705,0,0,0,0
Een Park,52.38054439,4.848244865,0,0,0,0
Biljartcentrum Sloterdijk,52.38380273,4.846200682,0,0,0,0
Mercatorbad,52.37162472,4.846292517,0,0,0,0
Op de bank bij GvZ,52.372824,4.849388,0,0,0,0
YagoY,52.36429283,4.853038788,0,0,0,0
West'ival,52.36969746,4.851139059,0,0,0,0
Coffeeshop Happiness,52.36981246,4.849373162,0,0,0,0
Saskia Van Uijlenburgkade,52.35628658,4.845623748,0,0,0,0
Andreas Ensemble,52.35631498,4.845700418,0,0,0,0
Westlandgracht,52.35485775,4.844766855,0,0,0,0
Rembrantpark,52.35822042,4.848587428,0,0,0,0
Schildpadvijver Rembrandtpark,52.35815519,4.848161345,0,0,0,0
Bootcamp@Rembrandtpark by Healthclub OpenAir,52.36599795,4.841640953,0,0,0,0
Sauna Ramada Apollo,52.36793968,4.844692698,0,0,0,0
Buurtmoestuin,52.348268,4.84655,0,0,0,0
TBWA\ Bar,52.34275844,4.846219416,0,0,0,0
The Magpie,52.349481,4.848898,0,0,0,0
Theophile De Bockstraat Cows,52.35483997,4.850727954,0,0,0,0
Jaagpad,52.34405292,4.848563808,0,0,0,0
Atelier De Generaal,52.343592,4.846923,0,0,0,0
Zonneterras Joy Jaagpad,52.338506,4.845263,0,0,0,0
't Huis te Vraag,52.34692349,4.848971724,0,0,0,0
Jachthaven De Koene,52.334809,4.849589,0,0,0,0
Jachthaven Meerzicht,52.33293269,4.850253813,0,0,0,0
Het Bosch,52.3355652,4.848360368,0,0,0,0
Jachthaven (marina) De Koenen,52.330726,4.844074845,0,0,0,0
WV De Koenen,52.33471513,4.849594831,0,0,0,0
Jachthaven Wva,52.33658257,4.848489127,0,0,0,0
Jazz At The Lake,52.3354483,4.848061482,0,0,0,0
Davy & Orsted,52.33297169,4.84903668,0,0,0,0
Het Trefpunt,52.33815147,4.848830253,0,0,0,0
Meervaart,52.33310026,4.850850972,0,0,0,0
Cruise & Dance - Dj Boot(h),52.332248,4.846285,0,0,0,0
Spa Zuiver Tennis,52.33111855,4.850914478,0,0,0,0
Watersportvereniging amsterdam,52.33622,4.84897,0,0,0,0
Haven Amsterdam,52.40857123,4.858658514,0,0,0,0
Moves! Dance Warehouse,52.393954,4.850965,0,0,0,0
GZG Feest,52.393989,4.85198,0,0,0,0
29e Shortrally Amsterdam,52.39512784,4.85525781,0,0,0,0
In de zon sloterdijk,52.39179979,4.852244188,0,0,0,0
Dimi's dome,52.38819796,4.840302405,0,0,0,0
Wots Plees,52.388301,4.838878,0,0,0,0
Studio Westpoort,52.391657,4.852836,0,0,0,0
De Twee Sneetjes,52.391654,4.852702,0,0,0,0
Het Bos en Lommerse Balkon,52.38451505,4.847835458,0,0,0,0
The Bar,52.38587055,4.847029537,0,0,0,0
Tuinpark Nut & Genoegen,52.38864439,4.855527878,0,0,0,0
De keukentafel,52.3843,4.847992,0,0,0,0
Dakterras B&L,52.384524,4.848093,0,0,0,0
De Kuil,52.382263,4.852583,0,0,0,0
The Mansion,52.379533,4.853758,0,0,0,0
Another Something & Co.,52.383101,4.858596,0,0,0,0
De Fluiter,52.37926945,4.856764982,0,0,0,0
't Binnepretje,52.38157216,4.856386185,0,0,0,0
Chicarica Producties,52.38165075,4.857201576,0,0,0,0
Admiralengracht,52.37089463,4.856360043,0,0,0,0
Cafe Sportpark,52.3746373,4.857738548,0,0,0,0
Blauwwithal,52.37581532,4.856504202,0,0,0,0
Volleybalvereniging Amsterdam,52.37595562,4.856799698,0,0,0,0
Inside Out Project,52.368787,4.855637,0,0,0,0
Caffe Oslo,52.357791,4.85429448,0,0,0,0
David Lloyd Swimming Pool Area,52.35764124,4.85595732,0,0,0,0
De Doofpot,52.35406888,4.855717033,0,0,0,0
Figuranten Bar,52.360592,4.859360978,0,0,0,0
Vondelpark BBQ Zone,52.35577214,4.856450511,0,0,0,0
Cafe Sao Paulo,52.35742057,4.854676722,0,0,0,0
NJMT,52.36013729,4.856608087,0,0,0,0
Olympisch Stadion,52.34338878,4.854090214,0,0,0,0
Phanos Atletiek,52.34338878,4.855399132,0,0,0,0
P+R Olympisch Stadion,52.34403216,4.856606875,0,0,0,0
Butcher's Tears Brewery,52.3473,4.853831,0,0,0,0
Eiland,52.35129001,4.855870425,0,0,0,0
Het Spoor,52.34946045,4.855602252,0,0,0,0
"Zwembad ""Het Kwartier""",52.34563151,4.855021172,0,0,0,0
Sporthallen Zuid,52.33997373,4.854133129,0,0,0,0
Frans Otten Stadion,52.33919368,4.851429462,0,0,0,0
TCS Mizuno Half Marathon,52.34525953,4.858626081,0,0,0,0
The White House,52.34065695,4.8510054,0,0,0,0
CTO Olympisch Stadion #14,52.34451217,4.852954,0,0,0,0
Olympisch Stadion,52.34110593,4.85763499,0,0,0,0
Startvak 21km,52.34449648,4.857574337,0,0,0,0
Casa Di Koalino Piccolo,52.342975,4.857894,0,0,0,0
Borrelbar,52.34473513,4.857622152,0,0,0,0
Amstelpark tennis,52.33095788,4.852397197,0,0,0,0
DLA Piper Bar,52.33411743,4.855877108,0,0,0,0
Smashing Pink,52.33094353,4.851802752,0,0,0,0
block around the clock,52.34011078,4.854157448,0,0,0,0
Feestboot,52.413544,4.86303,0,0,0,0
Noorder-IJplas,52.42428948,4.864089489,0,0,0,0
IGMA,52.40172733,4.860923231,0,0,0,0
Ons Genoegen,52.39080521,4.860577326,0,0,0,0
Danstheater AYA,52.394046,4.856448,0,0,0,0
A Lisa Kluis,52.390818,4.856695,0,0,0,0
ART4U kunstuitleen,52.39494631,4.864995878,0,0,0,0
Globe Centers,52.39459991,4.866065502,0,0,0,0
Buurtboederij,52.390743,4.860608,0,0,0,0
Molen De Bloem,52.3847548,4.86020565,0,0,0,0
Gibraltarbadje,52.383369,4.85447003,0,0,0,0
Sint Barbara,52.391429,4.863128,0,0,0,0
't Sterntje,52.38084379,4.854049096,0,0,0,0
Kids Pitstop,52.38100747,4.853870352,0,0,0,0
Studio K Amsterdam,52.380881,4.85409,0,0,0,0
Staverno Jachtwerf,52.3823666,4.860187805,0,0,0,0
Jam studios Amsterdam,52.38484327,4.866992485,0,0,0,0
Schietsportvereniging,52.383502,4.86374,0,0,0,0
Dog Walk WDZ,52.37987676,4.86123577,0,0,0,0
Kinderboerderij Zimmerhoeve,52.3687309,4.864313,0,0,0,0
Edelwise,52.36438178,4.859429,0,0,0,0
HJS Henny Jurriens Stichting,52.36658619,4.865108045,0,0,0,0
Global Dance  Lab,52.36475797,4.86451703,0,0,0,0
2 Klaveren,52.37005015,4.865473087,0,0,0,0
Vondelpark dog playground,52.35671121,4.86095328,0,0,0,0
Emmaplein,52.35444518,4.863142615,0,0,0,0
Marathonweg - coffee - grill - bar,52.348562,4.860709,0,0,0,0
Nieuw Amsterdams Kinderkoor,52.34784966,4.863903403,0,0,0,0
De Hut,52.34641016,4.865717776,0,0,0,0
Begraafplaats Buitenveldert,52.34071666,4.861555481,0,0,0,0
Home Sweet Home,52.350254,4.860231,0,0,0,0
Droom,52.3513786,4.862961375,0,0,0,0
van der Cammen Residence de super-ultraluxe,52.3513824,4.862982,0,0,0,0
ActaBar,52.336101,4.861546,0,0,0,0
Total Tossers - magneet festival,52.41377466,4.87082285,0,0,0,0
The Partysquad Studio,52.4151029,4.873258375,0,0,0,0
Collectiecentrum,52.41358458,4.872071743,0,0,0,0
S.V. Vriendschap,52.41926452,4.87251699,0,0,0,0
Lex' Mens Boat,52.408514,4.871329,0,0,0,0
bankje aan het IJ,52.4099,4.8744,0,0,0,0
Mercuriushaven,52.40233844,4.871409855,0,0,0,0
De Pier,52.40982808,4.87449646,0,0,0,0
Thuishaven,52.397841,4.871721,0,0,0,0
Etnies OTF,52.397517,4.872342,0,0,0,0
Bloemendaal,52.39273697,4.868750625,0,0,0,0
Orkater,52.396749,4.869737,0,0,0,0
Kijkende Figuur,52.39259582,4.86282751,0,0,0,0
take me out,52.39906996,4.871603254,0,0,0,0
Gebroken Cirkel,52.39281516,4.866758287,0,0,0,0
Tuinpark Zonnehoek,52.393747,4.868945,0,0,0,0
Wine 3,52.39266014,4.86835442,0,0,0,0
David's Boat,52.394395,4.870492,0,0,0,0
"3 sculpturen ""Bredius Sportcentrum""",52.39312942,4.869982302,0,0,0,0
Igma,52.39769719,4.873732755,0,0,0,0
Op het balkon luisteren naar dj's van strand west,52.39297764,4.872145334,0,0,0,0
De Beverburcht,52.39265442,4.872519016,0,0,0,0
George's Garage,52.396834,4.875921,0,0,0,0
Het Ketelhuis,52.38628871,4.87350556,0,0,0,0
Kinderboerderij Westerpark,52.3873508,4.865414,0,0,0,0
Klaver's Loft,52.38369693,4.872007977,0,0,0,0
Brel,52.38416499,4.869977898,0,0,0,0
Kallenbach Gallery,52.386114,4.873807,0,0,0,0
Qult,52.38715576,4.870375239,0,0,0,0
Unruly Gallery,52.383915,4.872184,0,0,0,0
Acteer Academie Amsterdam,52.384449,4.869142,0,0,0,0
Medialab Cinekid,52.38607805,4.872355151,0,0,0,0
Cinekid festival,52.3859974,4.872392663,0,0,0,0
Van Hogendorphal,52.38135406,4.86771028,0,0,0,0
Frederik Hendrikplantsoen,52.37822188,4.87489439,0,0,0,0
Van Boetzelaerstraat,52.38243556,4.87255947,0,0,0,0
Brug Van Hallstraat,52.37824829,4.873125617,0,0,0,0
De Liefde,52.37228487,4.870601892,0,0,0,0
Mono,52.37209152,4.871012964,0,0,0,0
Hostel Alejandro,52.36981911,4.870763582,0,0,0,0
Tweede Marnixplantsoen,52.37443455,4.875970742,0,0,0,0
Ski inn,52.36451558,4.870591164,0,0,0,0
Cafe De Toog,52.362058,4.867719,0,0,0,0
Plan B,52.36087285,4.87021029,0,0,0,0
Bar Berlijn,52.36955394,4.873679587,0,0,0,0
Toomler | Comedytrain,52.3515681,4.873155355,0,0,0,0
Verhulst,52.35451848,4.872220194,0,0,0,0
Oliver's,52.3374343,4.871005658,0,0,0,0
Boelelaan,52.33431403,4.870694271,0,0,0,0
V.V. OSV,52.42215772,4.881281652,0,0,0,0
Davey's SM kelder,52.42654656,4.874007594,0,0,0,0
De Luim Show,52.42111,4.877093,0,0,0,0
Camping het Rietveen,52.4293472,4.874466,0,0,0,0
Yeni rakÄ± home party,52.41977378,4.8796033,0,0,0,0
In de boom,52.42242814,4.883146823,0,0,0,0
Melkweg,52.41760618,4.881294853,0,0,0,0
Next Monday's Hangover Festival,52.402177,4.875249,0,0,0,0
Georgie's Wunder Garten,52.402076,4.87503,0,0,0,0
Minervahaven Te Water,52.400062,4.875025,0,0,0,0
Danzigerbocht,52.400692,4.876717,0,0,0,0
Strand West,52.394038,4.879491,0,0,0,0
Polanentheater,52.39086,4.876635,0,0,0,0
Dok 13,52.39744,4.8776,0,0,0,0
Dock 2013,52.39735969,4.87756961,0,0,0,0
WV 15,52.38950764,4.876507776,0,0,0,0
Ghetto Skatepark,52.393055,4.877668,0,0,0,0
Pauze,52.39130547,4.875914783,0,0,0,0
Cafe 't Hoekje,52.39092719,4.878261946,0,0,0,0
Steiger Houthaven,52.39408012,4.881304287,0,0,0,0
sisasteiger,52.39396577,4.8806537,0,0,0,0
Volkskoffiehuis,52.39156261,4.878373441,0,0,0,0
ChatÃªau Du PocketRat,52.391433,4.878554,0,0,0,0
De Kruidenier,52.3897,4.87644,0,0,0,0
Buur en Buuv Zon Terras,52.38908386,4.875555038,0,0,0,0
Het Marnix,52.37800196,4.878651211,0,0,0,0
Zaal 100,52.38301983,4.878202477,0,0,0,0
't Monumentje,52.378396,4.883222,0,0,0,0
Sound Garden,52.37289114,4.875810298,0,0,0,0
De Gouden Florijn,52.373789,4.881809,0,0,0,0
De Nieuwe Lelie,52.37528774,4.880929459,0,0,0,0
TommieB,52.3765902,4.881541592,0,0,0,0
Bar Oldenhof,52.36959,4.88057,0,0,0,0
Melkweg,52.36482246,4.881493335,0,0,0,0
The Waterhole,52.36477924,4.882522557,0,0,0,0
Lux,52.364831,4.880536,0,0,0,0
Weber,52.364933,4.880492,0,0,0,0
Suzy Wong,52.364896,4.882339,0,0,0,0
Cox,52.363923,4.881731,0,0,0,0
Het Concertgebouw,52.35636487,4.879313707,0,0,0,0
House of Bols Cocktail & Genever Experience,52.35901116,4.881332166,0,0,0,0
Rijksmuseum Garden,52.35952968,4.885150194,0,0,0,0
Zuiderbad,52.3585665,4.88601923,0,0,0,0
Van Gogh Mile Start Museum Square,52.35917586,4.883787632,0,0,0,0
De Nachtwacht painting,52.35996765,4.8852129,0,0,0,0
Chupitos,52.36166296,4.886698567,0,0,0,0
Koninklijk Concertgebouw Orkest,52.35481371,4.876278598,0,0,0,0
Apollohal,52.34862899,4.884320473,0,0,0,0
Tunes Bar,52.35854798,4.879126474,0,0,0,0
AFC,52.33662398,4.880375862,0,0,0,0
Manhattan Bar Lounge,52.33584374,4.874864448,0,0,0,0
Amsterdam Pirates,52.33868404,4.873033012,0,0,0,0
Circus Roncalli,52.33785229,4.87582102,0,0,0,0
BL46,52.33521863,4.88069818,0,0,0,0
P15 Parking Amsterdam RAI,52.3373713,4.877007008,0,0,0,0
Oktoberfest Amsterdam,52.335748,4.876461,0,0,0,0
Minervalaan thv WTC,52.34251458,4.872705589,0,0,0,0
Picknickbankje Stadionkade,52.34492928,4.875371796,0,0,0,0
Sofa@thuis,52.345861,4.868488,0,0,0,0
"Bar-Restaurant ""La Brochette""",52.324723,4.867611,0,0,0,0
't Kleine Loopveld,52.32205516,4.873230457,0,0,0,0
Free Friday Night Run,52.33825306,4.865494433,0,0,0,0
Toetanchamon (EXPO),52.33685998,4.872136116,0,0,0,0
Mijn moestuintje,52.42279816,4.885120869,0,0,0,0
Honden uitlaatplaats,52.42277881,4.885123459,0,0,0,0
Kinderboerderij Molenwijk,52.42271977,4.885021262,0,0,0,0
Hondenuitlaatstrook,52.42280058,4.885101322,0,0,0,0
Fontein bij Diereneiland,52.41667984,4.887832403,0,0,0,0
Uitlaatstrook,52.42283244,4.885087507,0,0,0,0
Planking Tree,52.42163479,4.886684418,0,0,0,0
Wiendelt and Esther's place,52.42510021,4.89025712,0,0,0,0
Natuurspeeltuin het Diereneiland,52.41680857,4.887548519,0,0,0,0
Museumwoning Tuindorp Oostzaan,52.41370237,4.884152412,0,0,0,0
Pierenbad Tuindorp,52.413666,4.88579,0,0,0,0
Badhuis- Bob Ross,52.412345,4.886869,0,0,0,0
HISWA te water,52.40347928,4.886577129,0,0,0,0
Amsterdam Marina,52.40501093,4.88694191,0,0,0,0
Ocean Diva,52.405581,4.885850645,0,0,0,0
Amsterdam Marina Haven,52.40543178,4.889890059,0,0,0,0
De Werf,52.40686745,4.894081163,0,0,0,0
Zeilscholen.nl Truck,52.402874,4.888313,0,0,0,0
Flora Palace Reunion @Recurrent Amsterdam,52.405901,4.886684,0,0,0,0
Wii U Launch,52.406448,4.887235,0,0,0,0
wooerland,52.40935516,4.888663769,0,0,0,0
Kabelgaststraat,52.40629367,4.893803939,0,0,0,0
Een Gezellig Tuin,52.40640481,4.893878553,0,0,0,0
NDSM-Werf,52.40019325,4.893293381,0,0,0,0
Submarine 4711,52.40004923,4.890632629,0,0,0,0
Houthaven,52.39369592,4.880667598,0,0,0,0
Oude Houthaven,52.39053537,4.885007511,0,0,0,0
Kermis,52.4021,4.893095,0,0,0,0
Haven Safari,52.3978558,4.884541864,0,0,0,0
Anh hung bulldog,52.39323732,4.881228168,0,0,0,0
Prinseneiland,52.38568068,4.887324475,0,0,0,0
Lighthouse,52.38770149,4.884645939,0,0,0,0
Tuintjes Houtmanstraat,52.38649664,4.884281158,0,0,0,0
Realengracht,52.38703359,4.886126518,0,0,0,0
Realeneiland,52.38707288,4.887392521,0,0,0,0
Hondenuitlaat Houtmanstraat,52.3873479,4.884517193,0,0,0,0
Westerkanaal,52.38691477,4.884122312,0,0,0,0
Nieuwe Teertuinen,52.38526557,4.885439873,0,0,0,0
't Blaauwhooft,52.383677,4.88883,0,0,0,0
De Kat in de Wijngaert,52.380191,4.884229,0,0,0,0
Proust,52.38013793,4.887558818,0,0,0,0
Proeflokaal Arendsnest,52.37664003,4.88958257,0,0,0,0
De Doffer,52.36895066,4.883766174,0,0,0,0
O'Reilly's,52.3725,4.89032,0,0,0,0
De Pels,52.36886709,4.885225362,0,0,0,0
Corner-House,52.374223,4.891303,0,0,0,0
Aran Irish Pub,52.362104,4.882484668,0,0,0,0
Bourbon Street,52.36386817,4.885329164,0,0,0,0
Hole in the Wall,52.364456,4.882647367,0,0,0,0
Mankind,52.3608571,4.888402414,0,0,0,0
AnElospito,52.35380961,4.889489918,0,0,0,0
Cafe Fonk,52.35122732,4.889388084,0,0,0,0
Museumplein vijver,52.35874996,4.883573055,0,0,0,0
Eddy Bar,52.35549752,4.890750692,0,0,0,0
Museumplein fontein,52.35902516,4.883272648,0,0,0,0
Strand Zuid,52.34142238,4.886813164,0,0,0,0
Zuidpool,52.341384,4.88657,0,0,0,0
Acs Koffie Corner,52.3410932,4.887393034,0,0,0,0
"Beach bar, IBC",52.34139982,4.886928533,0,0,0,0
ArtZuid,52.3505554,4.87271708,0,0,0,0
Christie's,52.353809,4.872614,0,0,0,0
Novotel Hotel Amsterdam,52.33384348,4.888463733,0,0,0,0
Beatrix Park Bball Courts,52.34260801,4.882646342,0,0,0,0
"Ericsson Party @ Beach Bar, RAI",52.341642,4.886576,0,0,0,0
Beatrixpark Aan Het Water,52.344876,4.87977193,0,0,0,0
Kostverlorenkade,52.32243807,4.891745443,0,0,0,0
marken volendam,52.33173967,4.891058621,0,0,0,0
Stokkenveldje & Horsies!,52.422249,4.892545,0,0,0,0
Puur Natuur Tuin,52.415477,4.893742,0,0,0,0
3 and a Crowd,52.42269307,4.897177219,0,0,0,0
Elwin Varkevisser Fotografie,52.41532687,4.892230667,0,0,0,0
Het Zonnehuis,52.41322926,4.891053329,0,0,0,0
Honkbalvereniging 'De Meteoor',52.41225966,4.894815327,0,0,0,0
Noorderlicht,52.39952185,4.896686204,0,0,0,0
Skatepark,52.40143,4.895369,0,0,0,0
Bunker (Helling 3),52.40062529,4.895589352,0,0,0,0
Driving North,52.399025,4.898911,0,0,0,0
NDSM theater ITW,52.40118825,4.896683693,0,0,0,0
Amsterdam Skatepark,52.39975808,4.896422762,0,0,0,0
NDSM Art Warp,52.40112869,4.895954557,0,0,0,0
Over het IJ Festival,52.39987903,4.895503521,0,0,0,0
"Silodam, steiger binnenhaven",52.39079202,4.890632629,0,0,0,0
Canal Motorboats,52.388282,4.890194,0,0,0,0
Westerdok,52.38583344,4.892127631,0,0,0,0
Vesper,52.38212226,4.886770248,0,0,0,0
De Oranjerie,52.38203404,4.886822779,0,0,0,0
Brouwersgracht,52.38057672,4.888422489,0,0,0,0
G's,52.38076009,4.88445282,0,0,0,0
EYE - Film Instituut Nederland,52.3843619,4.900782108,0,0,0,0
Barney's Coffeeshop Amsterdam,52.38057422,4.890859782,0,0,0,0
Lost in Amsterdam,52.3784192,4.895165,0,0,0,0
Nationaal Monument op de Dam,52.37282035,4.893682301,0,0,0,0
Basic Fit,52.3759907,4.894607183,0,0,0,0
BeerTemple,52.3719246,4.890460968,0,0,0,0
Bierfabriek,52.37050023,4.893063441,0,0,0,0
Bloemenmarkt,52.36677576,4.891340733,0,0,0,0
Heineken Experience,52.35774745,4.891587496,0,0,0,0
Foam Photography Museum,52.36401903,4.893149486,0,0,0,0
St. James' Gate,52.36601583,4.895541072,0,0,0,0
Knijn Bowling,52.34372962,4.891619682,0,0,0,0
Kingfisher Cafe,52.35681653,4.890671,0,0,0,0
De Pilsvogel,52.35587843,4.892879844,0,0,0,0
De Groene Vlinder,52.3555,4.89306,0,0,0,0
Flinck,52.3550097,4.893331009,0,0,0,0
Flamingo,52.355459,4.893106273,0,0,0,0
Twenty Third Bar,52.34858295,4.892767668,0,0,0,0
Okura Lobby Bar,52.34859635,4.893619,0,0,0,0
OldSchool,52.33756501,4.896282536,0,0,0,0
Weekend,52.33975719,4.892698984,0,0,0,0
Midgetgolf & Putting Greens Amstelpark,52.331976,4.89317,0,0,0,0
Tempo Team,52.33833356,4.897377402,0,0,0,0
Het Glazen Huis,52.32875662,4.892944135,0,0,0,0
Manege Equito,52.32230761,4.893728217,0,0,0,0
Rhodondendron Vallei,52.326521,4.891778,0,0,0,0
Riekermolen (Dutch Windmill),52.32430282,4.894139094,0,0,0,0
E&R,52.417909,4.901714,0,0,0,0
Dierendok,52.40646821,4.8957472,0,0,0,0
Openluchttheater Tuindorp Oostzaan,52.41020562,4.899917182,0,0,0,0
Verstuiverstraat,52.410186,4.902252,0,0,0,0
Kromwijk Viewpoint,52.39842,4.891377,0,0,0,0
Kadoelen-Werf,52.4102315,4.905741279,0,0,0,0
Buiksloterbreek,52.4034531,4.906704426,0,0,0,0
Pluk de Nacht 2013,52.38931305,4.892600014,0,0,0,0
Het Stenen Hoofd,52.38939083,4.892735481,0,0,0,0
Bouw Pllek,52.39593655,4.900605302,0,0,0,0
Ace's Bonfire Beach,52.38839274,4.891817531,0,0,0,0
casa kommer en kwel,52.39017655,4.907133579,0,0,0,0
Toren,52.38369886,4.902227819,0,0,0,0
Het beste hoekje van Damsko,52.380131,4.891651,0,0,0,0
Renaissance Executive Lounge,52.37786927,4.894581327,0,0,0,0
De Ster,52.377845,4.896184,0,0,0,0
Club Binnenvisser,52.37953226,4.892689991,0,0,0,0
Blarney Stone,52.37833897,4.895457781,0,0,0,0
Het IJ,52.38126491,4.900806817,0,0,0,0
Proeflokaal de Prael,52.37556479,4.899365902,0,0,0,0
Durty Nelly's Irish Bar & Hostel,52.37410517,4.896522538,0,0,0,0
Slainte Irish Pub,52.37469264,4.897306954,0,0,0,0
Waterlooplein,52.36830592,4.901959374,0,0,0,0
Het Rembrandthuis,52.369463,4.901366,0,0,0,0
Ice Bar,52.36654161,4.900150849,0,0,0,0
Frederiksplein,52.36032248,4.899601936,0,0,0,0
Menno & Rosie's Cantina,52.358105,4.896781,0,0,0,0
De Mirandabad,52.33924518,4.902669429,0,0,0,0
Fit & Fruitig Personal Training,52.34685928,4.901817808,0,0,0,0
Chocolate Bar,52.35514607,4.892992973,0,0,0,0
Oranjekerk,52.35286564,4.894967079,0,0,0,0
Zorgvlied,52.33525325,4.904520385,0,0,0,0
Cafe Amsterdam,52.341735,4.887737,0,0,0,0
Shamajo fair (Kermis voor meervoudig beperkte mensen),52.32878802,4.892667547,0,0,0,0
De Riekermolen,52.32408316,4.89442011,0,0,0,0
Rembrandt Beeld,52.32372158,4.894627977,0,0,0,0
De Grote Bocht,52.32444578,4.897114253,0,0,0,0
Klarenbeek 1604 a/h Water,52.32210784,4.898052594,0,0,0,0
stal peereboom,52.32202148,4.899494648,0,0,0,0
oranjevelt,52.32323868,4.896369414,0,0,0,0
Palingsteiger,52.33424842,4.90454793,0,0,0,0
Mob! Lounge,52.336091,4.886453,0,0,0,0
Stichting Ponyclub Floradorp,52.4119037,4.913035971,0,0,0,0
Scheepsbouwweg,52.407791,4.899993,0,0,0,0
Kinderboerderij Het Dierenhok,52.406581,4.896953,0,0,0,0
Amsterdamse Mixed Hockeyclub FIT,52.41416046,4.914858341,0,0,0,0
turner stable,52.41192455,4.912682225,0,0,0,0
Hockey FIT AMHC,52.411908,4.914406,0,0,0,0
City Camping,52.39783624,4.900886151,0,0,0,0
Club De Loods,52.39520044,4.911034199,0,0,0,0
Kanka Lounge,52.390702,4.911543,0,0,0,0
TENT circustheater producties,52.391113,4.905252,0,0,0,0
King William The III,52.39212985,4.911111356,0,0,0,0
Decibel,52.38888577,4.906056671,0,0,0,0
Danszaal Eddy Spier,52.394159,4.911255,0,0,0,0
In Case Of Fire,52.391527,4.890729,0,0,0,0
Pluk de Nacht,52.38946779,4.892569782,0,0,0,0
Basketbalveld,52.387454,4.911454,0,0,0,0
IJplein,52.38229253,4.909579754,0,0,0,0
Open Coop,52.38404481,4.905899329,0,0,0,0
Coffeeshop Resin,52.377524,4.895433,0,0,0,0
The Flying Dutchman,52.377768,4.896182,0,0,0,0
Oude Kerk,52.37410341,4.89818866,0,0,0,0
Natura Artis Magistra,52.36695591,4.913675487,0,0,0,0
The Old Bell,52.36584386,4.897418618,0,0,0,0
De Kleine Komedie,52.367063,4.895987,0,0,0,0
Mulligans Irish Bar,52.36708149,4.896723938,0,0,0,0
Amsterdam Canal Cruises,52.358271,4.891675,0,0,0,0
Doka,52.35280011,4.91256237,0,0,0,0
Amstel,52.34978555,4.911103249,0,0,0,0
Martin Luther Kingpark,52.34039981,4.910931587,0,0,0,0
Yorbody LadyFit,52.34460518,4.905482027,0,0,0,0
Cafe Ruis,52.35172051,4.894834,0,0,0,0
de zotte lotte,52.356,4.8927,0,0,0,0
Silverstone karting,52.32899063,4.908134221,0,0,0,0
Mercure Bar Amsterdam City Centre,52.335137,4.913585,0,0,0,0
Cafe Correct,52.34013026,4.909328382,0,0,0,0
Rups,52.34081933,4.91256237,0,0,0,0
De Rustige Tobbe,52.343756,4.895358,0,0,0,0
survival vereniging APGS,52.32862549,4.903432131,0,0,0,0
Mini Dierentuin,52.32935577,4.894802039,0,0,0,0
Amstel Glorie Volkstuinpark,52.33307749,4.908518141,0,0,0,0
Bar Brandsma,52.32632833,4.884896663,0,0,0,0
Amstelglorie,52.33191412,4.913980045,0,0,0,0
Bentley's Paradise,52.327519,4.882655,0,0,0,0
Poseidon,52.33724135,4.908478941,0,0,0,0
Winkelcentrum Banne Centrum,52.4075506,4.91687333,0,0,0,0
Bezaanjachtplein,52.40740765,4.916815222,0,0,0,0
Honden uitlaat zone,52.41200087,4.915587902,0,0,0,0
bart & margreets boot,52.40531202,4.904376268,0,0,0,0
Aakhof,52.40634872,4.913494009,0,0,0,0
In de Ban,52.40644949,4.917171874,0,0,0,0
Floraparkbad,52.39882234,4.91873257,0,0,0,0
Buiksloterkerk,52.40184977,4.916093345,0,0,0,0
De Nieuwe Noorder,52.40670335,4.926608967,0,0,0,0
Buiksloterkerkpad,52.40465657,4.916827433,0,0,0,0
Buiksloterkerk,52.401791,4.916426,0,0,0,0
Noorderbegraafplaats,52.40601237,4.927325249,0,0,0,0
Amsterdam North Stars,52.40350421,4.921781076,0,0,0,0
Tyler's beer house,52.39941406,4.92028904,0,0,0,0
Noorderparkbar,52.395043,4.920325,0,0,0,0
De Bult,52.3915088,4.913054384,0,0,0,0
Noorderpark Festival,52.39497165,4.919605615,0,0,0,0
Florapark,52.39472036,4.919793606,0,0,0,0
Noorderparkkamer,52.395159,4.920231027,0,0,0,0
asv DWV,52.400291,4.925966,0,0,0,0
AV Atos,52.40175248,4.926411388,0,0,0,0
Cafe Ot En Sien,52.38770149,4.914278984,0,0,0,0
Cinema 3,52.38458032,4.901417341,0,0,0,0
Mazazik,52.38566474,4.914116799,0,0,0,0
Sixhaven,52.38223359,4.906307459,0,0,0,0
IJpromenade,52.38624699,4.89965778,0,0,0,0
Troppenmuseum,52.38481746,4.91641577,0,0,0,0
Cinema 2 Eye,52.38408318,4.900429269,0,0,0,0
Eye Amsterdam,52.38702,4.89573,0,0,0,0
Cinema 1 Eye,52.383834,4.901146,0,0,0,0
Ateliers Westerdok,52.38437499,4.891705513,0,0,0,0
'Skek,52.376114,4.900325,0,0,0,0
Kromhouthal (De Overkant),52.38279024,4.920651913,0,0,0,0
In 't Aepjen,52.3763628,4.900011978,0,0,0,0
Casablanca,52.37556641,4.900704905,0,0,0,0
Teasers,52.37583713,4.896617861,0,0,0,0
Museum Ons' Lieve Heer op Solder,52.37500655,4.89942941,0,0,0,0
The Tara Irish Pub,52.370288,4.892854,0,0,0,0
Artis Aquarium,52.36460075,4.917851686,0,0,0,0
De Amstel,52.35523781,4.90666151,0,0,0,0
De LAX,52.34615471,4.916768074,0,0,0,0
De Ruyschkamer,52.35696159,4.909244803,0,0,0,0
Henry's Bar,52.358167,4.917765,0,0,0,0
Julianapark,52.34650962,4.922139326,0,0,0,0
Midnight IDM Bench,52.348753,4.908684843,0,0,0,0
Poledance Factory,52.33497057,4.92036444,0,0,0,0
Studio Tuari,52.34985228,4.912435289,0,0,0,0
Borssenburgplein,52.34868714,4.90741147,0,0,0,0
Weesperkade,52.34994284,4.912176132,0,0,0,0
Hotel Okura Main Kitchen,52.34733088,4.891351371,0,0,0,0
Gym - mercury hotel,52.33529298,4.913558047,0,0,0,0
Melodyline,52.33382841,4.916741904,0,0,0,0
Brasa Dance Studios,52.334395,4.917059,0,0,0,0
Bijlmerbad,52.34031001,4.920718394,0,0,0,0
Swing Latino/BrasaZouk,52.33445995,4.917026841,0,0,0,0
Studio 7,52.340457,4.91184,0,0,0,0
"Jachthaven ""De Omval""",52.341881,4.917725,0,0,0,0
Bordeel Greetig,52.340805,4.910279,0,0,0,0
BadBuiten,52.34071242,4.916434253,0,0,0,0
Jasper & Soof,52.34440475,4.904914906,0,0,0,0
1Jin Sista's Dance Floor,52.344001,4.915649,0,0,0,0
AAG,52.344095,4.902747,0,0,0,0
Park Lekstraat/Hunzestraat,52.344603,4.904245,0,0,0,0
BBK,52.342728,4.898569,0,0,0,0
Amstel Skatebaan,52.34296929,4.920887947,0,0,0,0
BrasaZouk,52.33370499,4.916736345,0,0,0,0
De Vijver,52.334767,4.910697,0,0,0,0
Rick's Afscheidsreceptie,52.32894084,4.908085415,0,0,0,0
Japanse Tuin,52.33046789,4.894849062,0,0,0,0
Zorglandgoed Klarenbeek,52.328057,4.900951,0,0,0,0
Giessenburg 46,52.41323319,4.925432751,0,0,0,0
Clubhouse Amsterdam,52.409261,4.925967,0,0,0,0
De Volewijckers,52.40264203,4.920516345,0,0,0,0
Dillan's Bday Temple,52.401966,4.909826,0,0,0,0
De Buiktuin,52.40203,4.923025,0,0,0,0
Huize Antonius,52.39914382,4.910580126,0,0,0,0
Moestuin,52.39768803,4.922041297,0,0,0,0
Iamsterdam Vliegenbos,52.3904915,4.925329166,0,0,0,0
Noorderpark Bankje,52.391047,4.918606,0,0,0,0
Buiten,52.39370367,4.926799536,0,0,0,0
Eurotour,52.395986,4.929047,0,0,0,0
The Sand Amsterdam,52.38027095,4.906120004,0,0,0,0
W.H. Vliegenbos,52.38992774,4.930715561,0,0,0,0
Camping Vliegenbos,52.39062286,4.928424527,0,0,0,0
Stork Fabriek,52.382292,4.920816,0,0,0,0
A-Film Screeningroom,52.385263,4.921637,0,0,0,0
Finish Lady's run,52.38576508,4.911056042,0,0,0,0
Volkstuinencomplex Buitenzorg,52.38848581,4.927758839,0,0,0,0
Kop van Java-eiland,52.37950267,4.918055534,0,0,0,0
De Klimmuur,52.37657119,4.91172583,0,0,0,0
RIDE,52.37694841,4.920480251,0,0,0,0
Lovers Powerzone,52.3776754,4.909487298,0,0,0,0
Executive Lounge,52.37651628,4.905229445,0,0,0,0
Monk Bouldergym Amsterdam,52.38352306,4.929306015,0,0,0,0
Silk Bar,52.37736126,4.913499227,0,0,0,0
BovenNEMO,52.374163,4.91235273,0,0,0,0
M-Lab,52.383482,4.92893945,0,0,0,0
Vodafone Dakterras,52.37669294,4.905860703,0,0,0,0
double tree street terrace,52.37662218,4.905553372,0,0,0,0
Lobby Bar,52.37666,4.905457,0,0,0,0
I Am Expat,52.381223,4.898945,0,0,0,0
Oosterdok,52.3739617,4.909815788,0,0,0,0
ARCAM,52.37145625,4.912632108,0,0,0,0
Brouwerij 't IJ,52.36663819,4.926306009,0,0,0,0
HPS,52.37170189,4.907627106,0,0,0,0
Artis Planetarium,52.36727715,4.91325799,0,0,0,0
Gassan Diamonds,52.36962454,4.903713205,0,0,0,0
Mediamatic Fabriek,52.37166342,4.92569048,0,0,0,0
Crea Studio's,52.36313501,4.913146567,0,0,0,0
De Biertuin,52.362186,4.923926487,0,0,0,0
Dappermarkt,52.36266477,4.927486181,0,0,0,0
Funenpark,52.36823184,4.929877777,0,0,0,0
Koninklijk Instituut voor de Tropen,52.36258942,4.921456575,0,0,0,0
De Sluyswacht,52.36976881,4.901713991,0,0,0,0
Vlinderpaviljoen,52.36534909,4.920345072,0,0,0,0
Sportfondsenbad Oost,52.35656092,4.928864335,0,0,0,0
De Plantage,52.363927,4.917749,0,0,0,0
De Groene Olifant,52.363888,4.919803,0,0,0,0
IKRa Headquarters Amsterdam,52.36256,4.905947,0,0,0,0
Ruk & Pluk,52.35747,4.926745,0,0,0,0
Desmet Studio's,52.367018,4.909558,0,0,0,0
Cafe Smit & Voogt,52.367256,4.90943,0,0,0,0
Verzetsmuseum,52.36793346,4.912626188,0,0,0,0
Hollandsche Schouwburg,52.36638028,4.911072471,0,0,0,0
Amsterdam City Swim,52.36625935,4.901518911,0,0,0,0
Afrikanerplein,52.35258551,4.917098579,0,0,0,0
Volkskrantgebouw,52.353987,4.912056,0,0,0,0
Ringdijk,52.35195746,4.920845377,0,0,0,0
Binnentuin Krugerhof,52.35493303,4.918945,0,0,0,0
Amstelcampushal,52.35908402,4.910832911,0,0,0,0
Galerie & Coffeeshop Yo-yo,52.35607334,4.902906884,0,0,0,0
Fort Juliana,52.34714932,4.923466444,0,0,0,0
Bar Upstairs,52.349951,4.918761,0,0,0,0
Galerie Weesperzijde,52.352319,4.910933,0,0,0,0
Singel Studio,52.33710701,4.934883653,0,0,0,0
Earforce,52.33755,4.935832,0,0,0,0
Pleinvrees,52.337143,4.935594,0,0,0,0
Winterdijkplein,52.34322586,4.904703099,0,0,0,0
Dushi's Buitenplaats,52.40030649,4.934830456,0,0,0,0
Lucky Jack,52.40089582,4.936982329,0,0,0,0
Marco Keyzer Foto,52.39943463,4.935395676,0,0,0,0
La Rosa,52.399524,4.93536,0,0,0,0
Snookercentrum Boven 't IJ,52.399198,4.937407,0,0,0,0
Museum Amsterdam Noord,52.38818603,4.925973415,0,0,0,0
grachtenfestival Nieuwendammerdijk,52.390956,4.938504,0,0,0,0
Eenden Begraafplaats,52.3734789,4.929892058,0,0,0,0
IJhaven,52.37602249,4.926807224,0,0,0,0
mezrab,52.37558544,4.927612684,0,0,0,0
Nemo Dock,52.37363112,4.910637735,0,0,0,0
Oostelijk havengebied,52.37567661,4.930550297,0,0,0,0
Muziek gebouw ij,52.37757889,4.910079996,0,0,0,0
Voor de Bijen (gestapelde tafels),52.37285801,4.933843017,0,0,0,0
Pianostudio Brook Cuden,52.370532,4.913428,0,0,0,0
Castle Wolfenstein,52.37024114,4.934341908,0,0,0,0
Dorst,52.366054,4.926696,0,0,0,0
"Windmill View
Zeeburgerdijk 15, 1093 SK Amsterdam.",52.36678118,4.925854648,0,0,0,0
Reptielenhuis,52.367231,4.915136872,0,0,0,0
Secret Garden,52.37260363,4.90585691,0,0,0,0
Zeeleeuwen,52.365211,4.920116,0,0,0,0
Huize Frankendael,52.35122226,4.933448346,0,0,0,0
Poollokaal De gracht,52.362766,4.909838,0,0,0,0
Frankie's Place,52.349285,4.937755,0,0,0,0
Bootcamp.,52.35262874,4.931436801,0,0,0,0
Meme's palace,52.355725,4.930979,0,0,0,0
Buikdanswinkel,52.357336,4.922022,0,0,0,0
Wethouder Verheijhal,52.35798312,4.931163152,0,0,0,0
Running Track,52.35368293,4.937429005,0,0,0,0
Movenpick Hotel (conference Room),52.33775128,4.942373294,0,0,0,0
Golfbaan Amsterdam-Waterland,52.40923226,4.942404628,0,0,0,0
Flitspaal N 247,52.4069993,4.940791536,0,0,0,0
Stichting Trefcentrum Jongerenflat Amsterdam Noord,52.40357791,4.93516034,0,0,0,0
Paloina,52.40351379,4.939604402,0,0,0,0
Amerbos Het Hondenveld,52.40419009,4.94475679,0,0,0,0
Bowling Dani Noord,52.399559,4.935009,0,0,0,0
Studio BOEF.,52.399673,4.936329,0,0,0,0
cafe bascule,52.39933443,4.935423262,0,0,0,0
Cafe Noord,52.398357,4.94157,0,0,0,0
IJ-zicht,52.389575,4.943984,0,0,0,0
Bankjes noordelijke IJ-oever,52.38568,4.92829,0,0,0,0
Jachthaven Twellegea,52.38969119,4.940806427,0,0,0,0
Zaalverhuur Dhoem Dhaam,52.38455223,4.928042987,0,0,0,0
Encore,52.39052321,4.945692489,0,0,0,0
Zuipclub Office 2.0 (apacs Residence),52.389828,4.915434,0,0,0,0
W&W Chapter Noord,52.386216,4.920073,0,0,0,0
Bagagehal,52.37754703,4.939922357,0,0,0,0
Frenkie's Binnen Beach,52.37604021,4.941685428,0,0,0,0
Nautiek Vaaropleidingen,52.37421566,4.938849091,0,0,0,0
Grasplein Java-eiland,52.37667231,4.935162379,0,0,0,0
Aanlegsteiger,52.374959,4.935352,0,0,0,0
Noordwal,52.381621,4.917602,0,0,0,0
Afrika Savanne,52.36657364,4.917762361,0,0,0,0
Het Beamhuis,52.37191374,4.923646233,0,0,0,0
Watersportvereniging De Oostvaarders,52.37211767,4.924772901,0,0,0,0
Marine Etablissement Amsterdam,52.3735818,4.91754055,0,0,0,0
Bar Stayokay Amsterdam Zeeburg,52.3653337,4.935902879,0,0,0,0
Leeuwenkuil,52.36704108,4.915689826,0,0,0,0
Party Russian Flat,52.367729,4.916687,0,0,0,0
Giraffenstal,52.36621236,4.918162823,0,0,0,0
Chimpansees,52.36537096,4.91866861,0,0,0,0
Sweet Thai Massage Sarphatistraat,52.36267,4.914606,0,0,0,0
Sportpark Middenmeer,52.35003663,4.946064105,0,0,0,0
Jaap Edenhal,52.34884681,4.944928483,0,0,0,0
Balletschool Ellen van den Ende,52.34661023,4.937508607,0,0,0,0
The Imaginary Zoo,52.34726266,4.938490658,0,0,0,0
Gerrit Kalff-tuin,52.340469,4.928113,0,0,0,0
't Praathuis,52.340102,4.943128,0,0,0,0
Lieve Damir,52.342899,4.936696,0,0,0,0
Observatorium,52.40330909,4.947988987,0,0,0,0
Biggy Sanka Party Town,52.40178393,4.936015606,0,0,0,0
Nightview Slochter,52.411687,4.94412,0,0,0,0
Snookercentrum Boven 't Y,52.4096686,4.950486178,0,0,0,0
Kabouterberg,52.4096706,4.9504862,0,0,0,0
Huis van Oranje,52.398882,4.936981,0,0,0,0
Mankit's Bday Bus,52.399474,4.934465,0,0,0,0
Sailor Moon,52.398128,4.941494,0,0,0,0
CRUSH+,52.39769731,4.941544099,0,0,0,0
Noorderpils,52.39447403,4.947567463,0,0,0,0
Hensbroekermeer,52.392445,4.944081,0,0,0,0
five gardens festival,52.391478,4.937507,0,0,0,0
Barn In The City,52.39051364,4.939064171,0,0,0,0
Hondenuitlaat grasveld,52.39298265,4.949142219,0,0,0,0
Lentekabinet,52.39474467,4.919739159,0,0,0,0
Oranjewerf scheepsreparaties B.V.,52.38533703,4.94988349,0,0,0,0
T.C. Elzenhagen,52.385817,4.943691,0,0,0,0
Grachtenboot,52.38509675,4.946043704,0,0,0,0
Bootcampclub Amsterdam-Noord,52.39011314,4.924800263,0,0,0,0
Magic Circus,52.376505,4.942918,0,0,0,0
Strand van Java,52.37718302,4.934161822,0,0,0,0
Hondenuitlaatplek Javaeiland,52.380078,4.92359,0,0,0,0
Gallery SIXTY ONE,52.37138629,4.931712793,0,0,0,0
Jachthaven Piet Hein,52.37228224,4.946052865,0,0,0,0
Tegelbergplein,52.37437655,4.948939921,0,0,0,0
Hedkandi,52.372899,4.928112,0,0,0,0
Lasercity Amsterdam,52.37155299,4.925560048,0,0,0,0
Van Gendthallen,52.37131542,4.925758839,0,0,0,0
Fotohal & Roest,52.371422,4.926347,0,0,0,0
In Vino Momentum,52.369645,4.925904,0,0,0,0
East of Eden,52.36304804,4.923849106,0,0,0,0
Jardin de petitvins,52.36270756,4.937283925,0,0,0,0
De Service Garage,52.368623,4.951659,0,0,0,0
CMA,52.35762211,4.932323311,0,0,0,0
Jaap Eden IJsbanen,52.34660039,4.952774048,0,0,0,0
HC AthenA,52.34593774,4.956120391,0,0,0,0
veld 14,52.347265,4.951147,0,0,0,0
Bij Papa,52.34379383,4.936445359,0,0,0,0
Arboretum De Nieuwe Ooster,52.34572214,4.93745327,0,0,0,0
Ronald McDonald Sport Centre,52.39992799,4.957426176,0,0,0,0
Zwemschool SwimBee locatie Amsterdam Noord,52.40091332,4.957473278,0,0,0,0
Ronald McDonald bad,52.40009308,4.959681988,0,0,0,0
HBOK,52.41023992,4.959636912,0,0,0,0
Theo's halverwege-bankje,52.40671035,4.957268393,0,0,0,0
Stoeterij Ilperveld,52.405994,4.957345,0,0,0,0
HBOnello,52.410294,4.959942,0,0,0,0
't Uilenstekkie,52.41077289,4.960463974,0,0,0,0
Ijsbaan Zunderdorp,52.40245459,4.959776768,0,0,0,0
Raku Workshop,52.403137,4.960845,0,0,0,0
Krakers boerderij,52.40323033,4.960798354,0,0,0,0
Zwemschool de Zwaantjes,52.40000865,4.9598701,0,0,0,0
Muziekcentrum Noord,52.3947335,4.951260469,0,0,0,0
Verlicht Crack Steegje,52.39565776,4.95428014,0,0,0,0
De Feesttuin,52.392418,4.943731,0,0,0,0
In T Zonnetje,52.39238,4.943884,0,0,0,0
Modestraat,52.39216542,4.956185442,0,0,0,0
Rietlanden,52.38980248,4.943607956,0,0,0,0
Frekkel Grot,52.39123812,4.945256748,0,0,0,0
Volkstuinpark Wijkergouw,52.38731508,4.96061088,0,0,0,0
Jachthaven Nauticadam,52.39037556,4.941319,0,0,0,0
Het Naai Cafe,52.392128,4.956433,0,0,0,0
Schellingwouderpark,52.38645987,4.954869627,0,0,0,0
Tattoo Linda,52.394778,4.956215,0,0,0,0
Stoeptegel Theo,52.39683151,4.939783573,0,0,0,0
Tennispark Tennisclub Elzenhage Vliegenbos,52.39031124,4.935933093,0,0,0,0
Radarpost Surinamekade,52.377777,4.948576,0,0,0,0
Ij Class,52.37741253,4.947872987,0,0,0,0
Venetiehof Binnentuin,52.37742265,4.947920889,0,0,0,0
Steiger Levantplein,52.37631083,4.94453144,0,0,0,0
Kompaseiland,52.37695683,4.938594686,0,0,0,0
Harry's Dock,52.37288,4.951753,0,0,0,0
handbag and purse museum,52.37519178,4.939416947,0,0,0,0
Bogor Beach,52.37702959,4.934843103,0,0,0,0
Chateaux Roux,52.378936,4.932243,0,0,0,0
Zwemsteiger Borneo-eiland,52.37128649,4.945554448,0,0,0,0
Krux Amsterdam - Creative Workspace,52.36888471,4.954951957,0,0,0,0
Flevoparkbad,52.36458109,4.952130318,0,0,0,0
Fringe - Mise En Flip,52.368595,4.951284,0,0,0,0
Graffiti HoF,52.36581141,4.953731465,0,0,0,0
Cruquius Tuin,52.36817183,4.946536929,0,0,0,0
Best Friend Coffe Shop,52.364943,4.939594,0,0,0,0
KV Zeeburg,52.36747323,4.935709775,0,0,0,0
Amsterdam Manzara,52.365411,4.935507,0,0,0,0
Tinus' Dakterras,52.365144,4.934275,0,0,0,0
Camping Zeeburg,52.3651867,4.960227216,0,0,0,0
Amsterdam-rijnkanaal,52.36548518,4.95745182,0,0,0,0
Flevor,52.36270325,4.94896618,0,0,0,0
Coen and the dancing matryoshkas,52.36265182,4.937551975,0,0,0,0
Base Amsterdam.,52.36429,4.9357,0,0,0,0
Kunstenaarsdorp,52.36825629,4.960335032,0,0,0,0
A.V.V. Zeeburgia,52.351518,4.950218,0,0,0,0
Jachthaven Bovendiep,52.362076,4.962802,0,0,0,0
Music Matrix,52.3573281,4.930597544,0,0,0,0
Boerderijwinkel,52.41279976,4.971547012,0,0,0,0
de melktap,52.41333128,4.972434264,0,0,0,0
Zomaarfeest,52.40263698,4.961191112,0,0,0,0
Tuinpark Buikslotermeer,52.39538095,4.964962107,0,0,0,0
New Amsterdam,52.39303211,4.964070389,0,0,0,0
Mama Frekkel,52.39022827,4.949827194,0,0,0,0
Zwemparadijs Hensbroekerstraat,52.392461,4.943862,0,0,0,0
Ecologisch gebied Waalenburgsingel,52.38967705,4.962596109,0,0,0,0
Poepveldje Hoyerpad,52.38525315,4.963264289,0,0,0,0
IJsclub Schellingwoude,52.38633407,4.9690225,0,0,0,0
Surfcenter IJburg,52.38487453,4.970660999,0,0,0,0
Steiger Barcelonaplein,52.37647176,4.944813251,0,0,0,0
Cruise Inn,52.37039672,4.961716033,0,0,0,0
Holland Sport Boat Centre,52.36868077,4.963743053,0,0,0,0
De Gabber Hondenschool,52.36999141,4.959038118,0,0,0,0
Op stand 38h,52.37162115,4.96069397,0,0,0,0
Lozingskanaal,52.36746,4.952537,0,0,0,0
Jachthaven Flefo,52.36650945,4.947661161,0,0,0,0
Man en Schaap,52.36577507,4.948746711,0,0,0,0
Nieuwe Diep,52.35992936,4.961872101,0,0,0,0
ReflexGT,52.355054,4.955631,0,0,0,0
Jachthaven Bouwmeester,52.36302183,4.960026741,0,0,0,0
Jachtwerf Pampus,52.35692833,4.971848564,0,0,0,0
Fortius,52.34855461,4.950042966,0,0,0,0
OVVO,52.34963209,4.946152171,0,0,0,0
Oma's Stulpje,52.35335742,4.942755289,0,0,0,0
Diemerzeedijk,52.36045352,4.971485138,0,0,0,0
A.v.v. TOG,52.34928125,4.947957557,0,0,0,0
USC Tennis,52.34782736,4.960143476,0,0,0,0
tuinpark tuinwijck,52.38422768,4.972854135,0,0,0,0
Keramiek Atelier en Galerie Marjoke de Heer,52.38426367,4.962472916,0,0,0,0
Maijpark,52.38723003,4.973158836,0,0,0,0
Cocktail Tuin,52.3909795,4.95002505,0,0,0,0
OnofficiÃ«le Volkstuinen Schellingwoude,52.385789,4.952389,0,0,0,0
WSV De Zuiderzee,52.382362,4.962655,0,0,0,0
Landgoed Von Bannisseht,52.381525,4.9745,0,0,0,0
Calamiteiten Autosteiger,52.374417,4.970443,0,0,0,0
Wakeboardschool Amsterdam,52.368719,4.966525,0,0,0,0
V.D.H. Kringgroep Haarlemmermeer,52.3682034,4.959845109,0,0,0,0
jachthaven de vioolsleutel,52.368745,4.960066,0,0,0,0
Club GZG,52.37009703,4.954705238,0,0,0,0
Camping de Ruigenhoek,52.37161647,4.950887219,0,0,0,0
Historische veerpont De Vlieland,52.3715962,4.949681414,0,0,0,0
Loveland op it iis!,52.36609,4.955171,0,0,0,0
La Casa S&G,52.374744,4.946331,0,0,0,0
Sluis steigereiland noord,52.36631599,4.973301506,0,0,0,0
Trailer park Oosterringdijk,52.35625348,4.964210987,0,0,0,0
Jachthaven Tineke Bakker,52.362928,4.96164,0,0,0,0
Dakterras Science Park,52.35532001,4.957431724,0,0,0,0
Beneden Diep,52.36109718,4.955616932,0,0,0,0
Rokjesdagloop,52.355437,4.956045,0,0,0,0
Nieuwe Levenskracht,52.34831713,4.956157905,0,0,0,0
Project Diemen,52.34321655,4.956189612,0,0,0,0
Volgermeer,52.41502627,4.986510533,0,0,0,0
Weersloot,52.389462,4.979159,0,0,0,0
Project Diemerzeedijk,52.36036709,4.972624758,0,0,0,0
BBQ Eiland,52.362667,4.958066,0,0,0,0
Masha's Queendom,52.354703,4.956367,0,0,0,0
Broekergouw,52.42034482,4.990619253,0,0,0,0
Zuivelboerderij Dikhoeve,52.395435,4.992621,0,0,0,0
De Boer,52.38893867,4.988828301,0,0,0,0
drc,52.3786854,4.987896054,0,0,0,0
Zeilvereniging Het Y,52.37792253,4.992145153,0,0,0,0
Buitenij,52.37735639,4.988884533,0,0,0,0
Sebsoft-hq,52.36118595,4.992104831,0,0,0,0
Biologisch Melkveebedrijf Spelt,52.407744,4.995586,0,0,0,0
Duurloop Running Holland,52.382127,5.002586,0,0,0,0
Paardenpret,52.38506556,5.002067685,0,0,0,0
Spektakel op IJburg,52.35420237,4.986102722,0,0,0,0
Diemer Park,52.34645586,4.99561873,0,0,0,0
Paps En Mams,52.40278225,5.0168402,0,0,0,0
Camping De Kikker,52.39541001,5.013697112,0,0,0,0
Camping De Badhoeve,52.38568017,5.011952201,0,0,0,0
Happy Feelings coffeeshop,52.38560149,5.01242376,0,0,0,0
Nicolai's House Boat,52.343271,5.003894,0,0,0,0
De Stelling Van Amsterdam,52.343064,5.013566389,0,0,0,0
Diemerdammersluis,52.34305724,5.013357326,0,0,0,0
jaarlijkse beach party rieteiland oost,52.346595,5.001826,0,0,0,0
scheepswerf de blauwe wimpel,52.341476,5.010704,0,0,0,0
ijburg blok 50,52.349702,5.001429,0,0,0,0
Mike's Downloadhoekje,52.352335,4.999979,0,0,0,0
Peterspot2,52.352347,4.999972,0,0,0,0
Eastar Music Studio,52.35425,5.001327,0,0,0,0
Quetzal,52.35535059,5.004889286,0,0,0,0
"Strandje ""IJburg 2""",52.35555369,5.004053039,0,0,0,0
Het Die,52.41407781,5.022267061,0,0,0,0
De Doordrijvers,52.38605084,5.018389068,0,0,0,0
Kinselmeer,52.38746967,5.022689248,0,0,0,0
Hoeckelingsdam,52.387548,5.022523,0,0,0,0
The Eva Besnyo Posse,52.35098843,5.006362875,0,0,0,0
Ijburgcorners,52.351191,5.00165,0,0,0,0
Moes 32,52.35337497,5.007887624,0,0,0,0
Nederlandse Vereniging van Filmdistributeurs,52.353447,5.006048,0,0,0,0
Boerderij Splinter,52.40721595,5.030948494,0,0,0,0
Mooi Uitzicht,52.412922,5.051486,0,0,0,0
Moskee IJburg,52.354234,4.997194917,0,0,0,0
De Binnenwaai,52.356774,4.995854,0,0,0,0
Kerk Op IJburg,52.35658,4.995832,0,0,0,0
"Rens, Jeroen en Jurgens Place",52.35420822,4.99430134,0,0,0,0
Witches Outpost,52.352299,5.003659,0,0,0,0
ACS Logistics,52.41571791,4.761929512,0,0,0,0
Crematorium Westgaarde,52.35923393,4.776273298,0,0,0,0
Mundo's Penthouse,52.35121,4.778848,0,0,0,0
Rooms katholieke parochie St Jans Geboorte,52.38650194,4.788782502,0,0,0,0
Masjid Al-Islam,52.35875844,4.785919543,0,0,0,0
De Akerkerk,52.355352,4.782804,0,0,0,0
Haci Bayram Camii,52.3582913,4.78941679,0,0,0,0
Air Hidup Amsterdam,52.36048593,4.792151033,0,0,0,0
Masjid Al-Ikhlas,52.36115762,4.793037393,0,0,0,0
Spirit,52.379423,4.799576,0,0,0,0
Kilise,52.379544,4.798224,0,0,0,0
Suleymaniye Camii,52.37046814,4.799953938,0,0,0,0
St Lucaskerk,52.361617,4.795696,0,0,0,0
Sint Lucas Kerk,52.361279,4.79515,0,0,0,0
Moskee Attaqwa,52.356698,4.796749,0,0,0,0
Euromuslim Mosque,52.3552943,4.795121964,0,0,0,0
sloterkerk,52.34602737,4.794653416,0,0,0,0
GUK Amsterdam,52.343496,4.796332,0,0,0,0
CSA,52.39576721,4.808027744,0,0,0,0
Moskee Yaa-Ghaus,52.37815799,4.804827356,0,0,0,0
Pauluskerk,52.35771,4.80365,0,0,0,0
GAUC 2013,52.35845382,4.807159709,0,0,0,0
Prot. Kerk,52.342249,4.79794,0,0,0,0
Igreja CristÃ£ Maranata,52.34437732,4.805641255,0,0,0,0
Melis Smokehof,52.3773774,4.811679125,0,0,0,0
Geredja Gunung Batu,52.376802,4.818584,0,0,0,0
NZA Fysioruimte,52.370092,4.817236,0,0,0,0
Cama Chinese Gemeente Amsterdam,52.383878,4.821919,0,0,0,0
Oase Kerk,52.375485,4.822574,0,0,0,0
Maranatha Church,52.358304,4.808603958,0,0,0,0
Verrijzenis kerk,52.35213833,4.822723972,0,0,0,0
Leger des Heils,52.38310336,4.832603588,0,0,0,0
De Ontmoeting,52.37612986,4.82682682,0,0,0,0
"Huize ""De Halfjes""",52.373322,4.834016,0,0,0,0
De Blauwe Moskee,52.34834714,4.831550706,0,0,0,0
OORbit geluidsstudio,52.394277,4.837126,0,0,0,0
Reed Elsevier - Herman Boerhaave Room,52.3903809,4.8392672,0,0,0,0
Regus,52.38575356,4.84303181,0,0,0,0
Moskee Mevlana,52.3772889,4.840959116,0,0,0,0
Opstandingskerk De Kolenkit,52.37762352,4.842552983,0,0,0,0
Tituskapel,52.36610266,4.840961747,0,0,0,0
Al-Ummah Amsterdam Mosque,52.36401663,4.8425314,0,0,0,0
Ayasofya Moskee,52.36293053,4.837472457,0,0,0,0
Moskee Oumma,52.36308816,4.837669811,0,0,0,0
The Blessing Amsterdam,52.364322,4.841186,0,0,0,0
De Verbinding,52.356971,4.837157,0,0,0,0
IFGF GISI,52.35046761,4.843203059,0,0,0,0
Sint Jan De Doper Kerk,52.35065709,4.843423791,0,0,0,0
Petruskerk,52.38650619,4.845606034,0,0,0,0
Guru Nanak Gurudwara,52.390778,4.849423,0,0,0,0
In De Bajes,52.385312,4.850435,0,0,0,0
Moskee Badr,52.38393624,4.846671224,0,0,0,0
Butsuma,52.381398,4.849742,0,0,0,0
Sint Jozefkerk (De Vluchtkerk),52.37319862,4.845560789,0,0,0,0
Auditorium,52.369192,4.843891,0,0,0,0
Franciscus Xaverius Kerk,52.38337984,4.851154849,0,0,0,0
Augustina Kerk,52.37685726,4.853365634,0,0,0,0
Treehuggers Palace,52.372916,4.857258,0,0,0,0
Cosmopolitan Buddha,52.37288749,4.852480888,0,0,0,0
Garage Baas,52.361665,4.858484,0,0,0,0
Sint Agneskerk,52.3502443,4.857845306,0,0,0,0
Auditorium ING House,52.33708441,4.85553844,0,0,0,0
Kantoor Veranda,52.33075726,4.85700163,0,0,0,0
Yan Chuen Church / Life Access,52.382851,4.865451,0,0,0,0
Thenextweb,52.37726257,4.858010482,0,0,0,0
Moskee Nour Ù…Ø³Ø¬Ø¯ Ø§Ù„Ù†ÙˆØ±,52.36859431,4.859230417,0,0,0,0
Chassekerk,52.37014473,4.86191148,0,0,0,0
Leef Rave Festival Outdoor,52.4224038,4.869181431,0,0,0,0
Facebook Studio Edge,52.386021,4.872929,0,0,0,0
Hillsong Church Amsterdam,52.38611768,4.872760313,0,0,0,0
Nassaukerk (De Kantlijn),52.382652,4.87738,0,0,0,0
Neokatechumenale Zaal,52.3753096,4.867477023,0,0,0,0
EASDP Congress 2013,52.351515,4.872771,0,0,0,0
Pinkstergemeente Amsterdam,52.33234311,4.875184774,0,0,0,0
Container Crib,52.39314194,4.879854682,0,0,0,0
St. Nicholas Of Myra Russian Orthodox Church,52.37910914,4.880613567,0,0,0,0
Portugese Kerk Fatima,52.38116045,4.878133908,0,0,0,0
Ð ÑƒÑÑÐºÐ°Ñ ÐŸÑ€Ð°Ð²Ð¾ÑÐ»Ð°Ð²Ð½Ð°Ñ Ð¦ÐµÑ€ÐºÐ¾Ð²ÑŒ Ð¡Ð² ÐÐ¸ÐºÐ¾Ð»Ð°Ñ Ð§ÑƒÐ´Ð¾Ñ‚Ð²Ð¾Ñ€Ñ†Ð°,52.37915316,4.880302933,0,0,0,0
Tichelkerk - Russisch-Orthodoxe Kerk H. Nicolaas van Myra,52.37907541,4.880527416,0,0,0,0
Fatih Camii,52.37298157,4.878592764,0,0,0,0
Fatih Mosque,52.3731552,4.878538516,0,0,0,0
Bloemgracht Temple,52.374785,4.881411,0,0,0,0
KesselsKramer - Kapel De Voorzienigheid,52.371309,4.881084,0,0,0,0
NSF Training,52.362656,4.880098,0,0,0,0
Obrechtkerk,52.35602303,4.875171087,0,0,0,0
spiegelzaal,52.35642089,4.879602851,0,0,0,0
De Vrouwe van alle Volkeren,52.34467004,4.883438902,0,0,0,0
Bethelkerk,52.41444447,4.886007009,0,0,0,0
De Verlosser,52.39240097,4.881702081,0,0,0,0
VCBH Invest,52.386607,4.889883,0,0,0,0
Posthoornkerk,52.38117775,4.890139048,0,0,0,0
Noorderkerk,52.37976382,4.886561257,0,0,0,0
Keizergracht Deck Coffeeshop,52.3796196,4.889192104,0,0,0,0
Westerkerk,52.3745512,4.883766174,0,0,0,0
Onze Lieve Vrouwekerk,52.37308737,4.884668997,0,0,0,0
UvA Oude Lutherse Kerk,52.36835782,4.889044762,0,0,0,0
Keizersgrachtkerk,52.36472368,4.888115,0,0,0,0
Emerce eHome & Deco 2013,52.341912,4.888068,0,0,0,0
Park Foyer,52.34002576,4.888539774,0,0,0,0
Pelgrimskerk,52.3252148,4.875152513,0,0,0,0
De Goede Herder Kerk,52.3266266,4.87983121,0,0,0,0
Pinkstergemeente AgapÃ¨,52.41514385,4.89279449,0,0,0,0
Koepelkerk,52.37804872,4.893894196,0,0,0,0
Nicolaasbasiliek,52.37641298,4.901120067,0,0,0,0
PhoneGap Day EU,52.37032985,4.89788298,0,0,0,0
HVAC Training,52.36985649,4.896884176,0,0,0,0
De Duif,52.36142321,4.896812439,0,0,0,0
Selimiye,52.356026,4.89759,0,0,0,0
Amstelkerk,52.36228804,4.896587133,0,0,0,0
Synagoge LJG,52.337861,4.898132,0,0,0,0
Minahasa,52.32527404,4.879294642,0,0,0,0
Het Keerpunt,52.33214413,4.875474958,0,0,0,0
Maarten Luther Kerk,52.32505552,4.868560218,0,0,0,0
Renaissance Conference Center,52.378071,4.894396,0,0,0,0
Zuiderkerk,52.37011668,4.900020361,0,0,0,0
Mozes en AÃ¤ronkerk,52.36827921,4.903217554,0,0,0,0
Alex Auditorium,52.33562752,4.888100624,0,0,0,0
Gemeente van Christus Amsterdam,52.325387,4.875614,0,0,0,0
Stichting Anwaaroel Uloom,52.39977283,4.907483532,0,0,0,0
Distelweg Brug,52.391338,4.908013,0,0,0,0
Heilige Maria koptische Kerk,52.39308325,4.913548635,0,0,0,0
Church,52.39287399,4.912939975,0,0,0,0
"Railteam WG2 Meeting, Amsterdam",52.37773958,4.901495497,0,0,0,0
Akvo Foundation,52.37224557,4.907562733,0,0,0,0
Koptisch Orthodoxe Kerk,52.391651,4.912451,0,0,0,0
De Rosakerk,52.38804198,4.914257526,0,0,0,0
Moske El Mouhssinine,52.383101,4.913617,0,0,0,0
Vodafone Procrastination couch on 11,52.37625684,4.905833222,0,0,0,0
SHOOT,52.376667,4.922156,0,0,0,0
GKf Jaarver . 2013,52.376727,4.922095,0,0,0,0
Vodafone Twitter room,52.37640856,4.905944516,0,0,0,0
BB10 Jam World Tour Amsterdam,52.37694021,4.904860456,0,0,0,0
Uilenburgersjoel,52.37062107,4.904955626,0,0,0,0
Moskee Al-Kabir,52.3592224,4.908874531,0,0,0,0
LifeStylePress,52.38529504,4.929862618,0,0,0,0
Tmc,52.390609,4.938147,0,0,0,0
Ulu Camii Amsterdam-Oost,52.36624434,4.939174652,0,0,0,0
IJland Studio,52.373996,4.93544,0,0,0,0
Krabpaal,52.371102,4.93074,0,0,0,0
Rex Bundy,52.345375,4.934313,0,0,0,0
Nasr,52.3610739,4.932155581,0,0,0,0
